sample,status,n_meta,xy_hull_area,xy_spread_max,xy_spread_mean,score,i1_err_xy_max,i1_err_y_max,dist_to_white_i1
1170,ok,3409,0.0018555660295,0.092890406667,0.0142610341087,0.318410537029,1.75541673429e-16,2.08166817117e-17,0.0159247640582
1036,ok,3971,0.00183466143153,0.0929984595278,0.0135346026064,0.315864751833,2.00148302124e-16,2.08166817117e-17,0.0211829775888
1238,ok,3494,0.00179150931371,0.0859568225902,0.0119373493382,0.303325410103,1.75541673429e-16,1.38777878078e-17,0.0167739824207
729,ok,3241,0.00159854488118,0.0878510131223,0.013299375328,0.282336273929,1.57009245868e-16,1.38777878078e-17,0.0202397437178
1100,ok,3162,0.00163037002151,0.0768020570871,0.0132726335127,0.275100986371,2.00148302124e-16,1.38777878078e-17,0.0149083046494
372,ok,5587,0.00157837948406,0.0812240241204,0.0102191647023,0.272673395148,5.57880165459e-16,1.38777878078e-17,0.0199198344475
564,ok,3089,0.00149475958923,0.0855154019053,0.0118493678787,0.267256426189,1.75541673429e-16,2.08166817117e-17,0.0117872339063
621,ok,2983,0.00151968704628,0.082109834083,0.0122263540564,0.266917550448,1.24126707662e-16,2.77555756156e-17,0.0131357032671
504,ok,3258,0.00153560805735,0.0800110648816,0.0115820392134,0.266600439606,1.66533453694e-16,2.77555756156e-17,0.0109872183284
441,ok,5906,0.00150199934214,0.0838440649385,0.00946762312853,0.265977510622,6.13140705829e-16,2.08166817117e-17,0.018365200452
1169,ok,3068,0.00156916448076,0.072013159137,0.0131752760394,0.262947952036,2.00148302124e-16,2.77555756156e-17,0.0131013516494
36,ok,2655,0.00156923271932,0.072351057097,0.0112696822204,0.26291291986,1.75541673429e-16,2.77555756156e-17,0.020236266565
677,ok,3257,0.00147338741897,0.0819848387182,0.0124105312579,0.261273435246,1.66533453694e-16,1.38777878078e-17,0.0209867212071
622,ok,3322,0.00144990852857,0.0829143092252,0.0120613994629,0.259315612547,1.66533453694e-16,1.38777878078e-17,0.0157694398166
676,ok,2928,0.00148418816109,0.0786094110829,0.0124715528021,0.259206300974,1.24126707662e-16,2.08166817117e-17,0.0203029791883
563,ok,2823,0.0014714681799,0.0773733046443,0.0117289799721,0.256295282226,1.57009245868e-16,2.77555756156e-17,0.0120945351823
1237,ok,2940,0.00152320693681,0.0694996154566,0.0115033701655,0.254585121906,1.57009245868e-16,2.77555756156e-17,0.0152054404245
572,ok,3231,0.00134430697568,0.0804786229994,0.0112167593347,0.244038811948,1.75541673429e-16,2.08166817117e-17,0.0213527220314
503,ok,2815,0.00139590419606,0.073795670419,0.0109710467211,0.24349838329,1.57009245868e-16,2.77555756156e-17,0.0138409103713
1034,ok,2564,0.00110538416521,0.0594383783688,0.0114509861602,0.194374675426,1.75541673429e-16,4.16333634234e-17,0.0179801080942
779,ok,2055,0.00106928501405,0.0591557651874,0.0113660694409,0.189743180761,1.24126707662e-16,2.77555756156e-17,0.0168974040058
1168,ok,2154,0.00106939988767,0.0580708627271,0.0124266925967,0.188884187767,1.57009245868e-16,4.16333634234e-17,0.0121800775078
1099,ok,2403,0.0010517113405,0.057336268933,0.0118520433449,0.185912038462,1.75541673429e-16,4.16333634234e-17,0.0134993163727
835,ok,1969,0.00104066891647,0.0581663972481,0.0114393768337,0.185334542592,1.75541673429e-16,5.55111512313e-17,0.0185276943399
675,ok,2120,0.00104207649169,0.0576822740049,0.0108011598757,0.184891684983,1.66533453694e-16,5.55111512313e-17,0.0169560842384
727,ok,2063,0.00103342232637,0.0570396743715,0.0110108311299,0.183252519762,1.57009245868e-16,2.77555756156e-17,0.0198649235814
620,ok,2124,0.00102751057733,0.0571078805731,0.0104307342905,0.18249529671,1.57009245868e-16,2.77555756156e-17,0.0135638790025
969,ok,2568,0.0010245447942,0.056709655137,0.0107358327048,0.181802196982,2.00148302124e-16,4.16333634234e-17,0.0184015512028
1236,ok,2159,0.00101761562486,0.0558663288632,0.0120912516584,0.180398454178,2.00148302124e-16,4.16333634234e-17,0.0131942996039
502,ok,2099,0.00101755379025,0.0539523817533,0.0100712823774,0.178073093059,1.75541673429e-16,4.16333634234e-17,0.0144024506087
562,ok,2023,0.000983943163061,0.0537799513561,0.0102146797381,0.173896066871,1.75541673429e-16,2.77555756156e-17,0.0119629470264
35,ok,2008,0.000958101965845,0.0507320021363,0.00983598846978,0.167671435732,1.57009245868e-16,2.77555756156e-17,0.0171634535715
439,ok,3767,0.000936643540406,0.0501654883932,0.00878033618566,0.164318780479,3.92523114671e-16,2.77555756156e-17,0.0212669800408
106,ok,1762,0.000916414685201,0.0483635921505,0.00959446874931,0.160252248125,1.75541673429e-16,5.55111512313e-17,0.0205239409328
1033,ok,1332,0.000698788340766,0.0486377549663,0.010002040358,0.13449276393,2.77555756156e-16,5.55111512313e-17,0.0140294932351
778,ok,1263,0.000702458902223,0.0473335670009,0.00980725657661,0.133590086583,1.57009245868e-16,5.55111512313e-17,0.0185383113237
1098,ok,1296,0.000697247683476,0.0474297131949,0.0105852166979,0.133216478552,1.66533453694e-16,5.55111512313e-17,0.0101617594518
896,ok,1568,0.000684467874989,0.0486598452821,0.00897722164467,0.13259143461,1.75541673429e-16,8.32667268469e-17,0.0162432280279
726,ok,1285,0.00068766196888,0.0477714151824,0.00974689503145,0.132240230454,1.57009245868e-16,8.32667268469e-17,0.016160729413
34,ok,1104,0.000688536744223,0.0460799643692,0.0102825638168,0.130760886439,2.77555756156e-16,8.32667268469e-17,0.0137447754042
674,ok,1411,0.000679521384528,0.0458812208239,0.00976763188188,0.129377313344,1.24126707662e-16,5.55111512313e-17,0.0120034974704
619,ok,1470,0.000663037362781,0.0470975553095,0.00919079296682,0.128500197437,2.00148302124e-16,8.32667268469e-17,0.0117062534717
1136,ok,876,0.000660722726521,0.0467696979989,0.0102513571227,0.128106696606,1.57009245868e-16,8.32667268469e-17,0.0144156310645
1069,ok,955,0.00065556164646,0.0454191081563,0.0103044792433,0.12614740158,2.00148302124e-16,5.55111512313e-17,0.0199762830852
834,ok,1193,0.000650149161877,0.0459896297848,0.00975538666832,0.125958606544,1.75541673429e-16,8.32667268469e-17,0.0168720332994
968,ok,1299,0.000652326010229,0.045677927923,0.00942650598795,0.125842350348,1.75541673429e-16,8.32667268469e-17,0.0143401828873
561,ok,1512,0.000650069404701,0.0459479391264,0.00889186116418,0.125734639923,1.75541673429e-16,5.55111512313e-17,0.0116282657221
438,ok,2804,0.000658888300397,0.0445071559664,0.00839761945468,0.125253275905,4.57756679852e-16,8.32667268469e-17,0.019415423342
594,ok,1584,0.000651939055067,0.0451682114166,0.00916601912788,0.12523410185,1.24126707662e-16,5.55111512313e-17,0.0208121944651
172,ok,1159,0.0006519650538,0.0441633204276,0.010526860309,0.124504498945,2.00148302124e-16,8.32667268469e-17,0.0193270023019
1235,ok,1003,0.000637906724554,0.0456391457801,0.0100586317038,0.124199679067,1.57009245868e-16,8.32667268469e-17,0.0102478813297
1205,ok,827,0.000659856176191,0.0426027864638,0.00855776321625,0.12349708025,1.75541673429e-16,5.55111512313e-17,0.019462257393
1106,ok,712,0.000628648843456,0.0459332545483,0.0103423013343,0.12343957603,1.75541673429e-16,8.32667268469e-17,0.0192759585374
1243,ok,817,0.000653494194332,0.0430301785662,0.00852056627046,0.12315359514,1.66533453694e-16,2.77555756156e-17,0.0194359458892
105,ok,980,0.000637635992709,0.0442072795794,0.0102039166431,0.122764382033,2.00148302124e-16,5.55111512313e-17,0.0155740878673
1167,ok,1031,0.000632917343027,0.0444760618921,0.00992599326196,0.122411341708,1.24126707662e-16,5.55111512313e-17,0.00884842504283
501,ok,1655,0.000627687859564,0.0426483891084,0.00874653800933,0.119720239858,1.57009245868e-16,5.55111512313e-17,0.0157649637607
1175,ok,801,0.000611985154984,0.0435152719399,0.00804835836816,0.118563162212,1.75541673429e-16,5.55111512313e-17,0.0167401390439
1068,ok,492,0.000431000116958,0.0409768587259,0.00913420893107,0.0945237145471,1.57009245868e-16,1.11022302463e-16,0.0171227554415
33,ok,545,0.000437521285309,0.0394477736773,0.00861148708008,0.0936726253303,2.00148302124e-16,1.11022302463e-16,0.0116841440114
967,ok,667,0.000412481857191,0.0415983191167,0.00907225822689,0.092910593625,1.24126707662e-16,1.11022302463e-16,0.0143606598756
1032,ok,702,0.000415436225225,0.0409893691207,0.00909201546621,0.092660119241,2.00148302124e-16,5.55111512313e-17,0.0119983484767
895,ok,810,0.000412381046635,0.0415041348459,0.0081526771474,0.0926203958716,1.57009245868e-16,5.55111512313e-17,0.0153943381223
777,ok,714,0.000423020082815,0.0396015067858,0.0094487708725,0.0922536708982,1.24126707662e-16,1.11022302463e-16,0.0191995148781
1097,ok,622,0.000413816153134,0.0407641397825,0.00899795046684,0.092221668252,2.35513868803e-16,5.55111512313e-17,0.00842310115088
437,ok,1263,0.000432440144019,0.038462690867,0.0073513079014,0.0918257697295,3.37661150723e-16,5.55111512313e-17,0.0190635227812
1234,ok,488,0.000415371651256,0.0401780293826,0.00892600846172,0.0918078292257,2.8305244335e-16,1.11022302463e-16,0.00832223449474
500,ok,839,0.000432724647103,0.0382646610625,0.00789659991865,0.0917709386986,1.57009245868e-16,1.11022302463e-16,0.0153284521716
833,ok,982,0.000413307486217,0.0404821844353,0.00746265005616,0.0915716127926,2.00148302124e-16,1.11022302463e-16,0.0138165748175
560,ok,805,0.000414286068419,0.0396335771155,0.00842910415039,0.0910337261558,1.24126707662e-16,1.11022302463e-16,0.0101093344795
231,ok,644,0.000421765227883,0.0381180475231,0.0085446957976,0.0904388140285,1.75541673429e-16,5.55111512313e-17,0.0217746878049
626,ok,865,0.000421164464939,0.0381742129794,0.0083434843707,0.0903826456462,1.24126707662e-16,1.11022302463e-16,0.0207066314463
593,ok,854,0.000421214625169,0.0378225470148,0.00773504201538,0.0899153104382,1.24126707662e-16,5.55111512313e-17,0.0211927247316
1166,ok,569,0.000409873048507,0.0387738738291,0.00896974831023,0.089752589312,1.57009245868e-16,1.11022302463e-16,0.00751252806162
649,ok,862,0.000419930952325,0.0374573402289,0.00851321256479,0.0895516970209,1.24126707662e-16,1.11022302463e-16,0.021101098919
1105,ok,426,0.00040698331565,0.0382754461268,0.00944627229294,0.0890026984634,1.75541673429e-16,5.55111512313e-17,0.0151650613107
1040,ok,523,0.000392324379702,0.0401119113029,0.00873057007335,0.0889369508818,1.24126707662e-16,1.11022302463e-16,0.021113276422
673,ok,704,0.000404322748336,0.0385211316797,0.00869854933032,0.0887795713461,1.24126707662e-16,5.55111512313e-17,0.0120997600322
618,ok,791,0.00040484540333,0.0384170946164,0.00850764911005,0.0887000728381,1.57009245868e-16,1.11022302463e-16,0.0110351269402
104,ok,519,0.000400620756732,0.0388550592069,0.00874864133738,0.0886792782823,2.48253415325e-16,1.11022302463e-16,0.0137785098046
725,ok,780,0.000403176125277,0.0381750156051,0.0091714997295,0.0883904505843,1.75541673429e-16,1.11022302463e-16,0.0147348161056
1242,ok,354,0.000404148313657,0.0382549784264,0.00727739000457,0.0882082540662,1.57009245868e-16,1.11022302463e-16,0.0186896534844
171,ok,535,0.000405383393532,0.0371977681161,0.00868127585115,0.0875800305101,2.00148302124e-16,5.55111512313e-17,0.0194219912987
568,ok,875,0.000398923981931,0.0371495609675,0.00771230304792,0.0865628994088,1.24126707662e-16,1.11022302463e-16,0.0217559964791
1204,ok,381,0.000394844449612,0.0363990605008,0.00742695957774,0.0852657863698,1.24126707662e-16,1.11022302463e-16,0.0152003795385
1135,ok,412,0.000383374222193,0.0372275694411,0.0088987186728,0.0850122198388,1.24126707662e-16,1.11022302463e-16,0.0147118635178
1174,ok,375,0.000391954398744,0.0360984078757,0.00718544926741,0.0845700255785,2.00148302124e-16,1.11022302463e-16,0.0162925203708
3,ok,352,0.000342546091408,0.0362367504969,0.00674543371093,0.078691368208,1.24126707662e-16,1.11022302463e-16,0.0201782394782
41,ok,348,0.000329283518309,0.0355580340859,0.00700540311913,0.0764731369069,2.00148302124e-16,1.11022302463e-16,0.0215097997059
866,ok,428,0.000281550295508,0.0381033872865,0.00888332517623,0.0736660877827,1.24126707662e-16,1.66533453694e-16,0.0212793683695
933,ok,499,0.000281788013245,0.0379687401241,0.00815711153205,0.0734147240199,1.57009245868e-16,1.11022302463e-16,0.0204236421941
559,ok,505,0.000289476019937,0.0361694861342,0.00802163144484,0.0725109348156,1.24126707662e-16,1.11022302463e-16,0.0110777624394
1067,ok,320,0.000289548208097,0.0360049833411,0.00872551699518,0.0724958717117,1.75541673429e-16,1.11022302463e-16,0.0129180355033
832,ok,624,0.000284090724383,0.036885748186,0.00749551662501,0.072475738437,1.66533453694e-16,1.66533453694e-16,0.0129237720394
625,ok,570,0.000293759072833,0.0353844677634,0.00748644855053,0.0721328462135,1.57009245868e-16,1.11022302463e-16,0.0204190618419
499,ok,530,0.000283160910408,0.0362543013301,0.00873685094046,0.0719809807672,1.24126707662e-16,1.11022302463e-16,0.0119610548036
776,ok,457,0.000271583882441,0.0370060020548,0.00838743776184,0.0712735555001,1.75541673429e-16,1.11022302463e-16,0.0113019516119
1031,ok,372,0.000268718925291,0.0372436743187,0.00855362138004,0.0712006696297,1.75541673429e-16,1.11022302463e-16,0.00937046327
617,ok,523,0.000285046300583,0.0350872734652,0.00914063372581,0.0711209562803,1.66533453694e-16,1.66533453694e-16,0.0103120846635
1173,ok,275,0.000287658335208,0.0346926710362,0.00867787802522,0.0709472468663,1.75541673429e-16,1.11022302463e-16,0.0119342122735
32,ok,324,0.000286498592801,0.0348726602849,0.00843955990457,0.070940403402,1.57009245868e-16,1.66533453694e-16,0.00971981942963
672,ok,480,0.000277192228727,0.0357311570695,0.00862502010513,0.0707192285377,1.24126707662e-16,1.11022302463e-16,0.0113371205979
680,ok,538,0.000281907292593,0.0351342602598,0.00856175571808,0.0706754865145,1.75541673429e-16,1.11022302463e-16,0.0210317076857
974,ok,444,0.000264274251618,0.037205142742,0.00803746592942,0.0705255461221,1.24126707662e-16,1.11022302463e-16,0.0193848175098
894,ok,479,0.000267616656157,0.0365484312077,0.00782465436828,0.0702273608201,1.57009245868e-16,1.66533453694e-16,0.0149579607856
1039,ok,315,0.000271091758269,0.0360613593343,0.00797715792891,0.0701878019123,1.75541673429e-16,1.66533453694e-16,0.0162478061005
436,ok,794,0.00028283837262,0.0348334692096,0.00680500131728,0.0701350741874,2.28878339926e-16,1.66533453694e-16,0.0214605025254
1096,ok,370,0.000269803108752,0.0361155166937,0.00784885641299,0.0700616610266,1.24126707662e-16,1.66533453694e-16,0.00760208693417
902,ok,549,0.000262762347643,0.0368834054037,0.00819759477296,0.0700544060754,2.28878339926e-16,1.66533453694e-16,0.021560969316
230,ok,371,0.000278320207016,0.0349300744921,0.00802876482858,0.0699342522997,1.75541673429e-16,1.66533453694e-16,0.0196236774187
724,ok,454,0.000271134721275,0.0355476798209,0.00815346751148,0.0697145398762,1.57009245868e-16,1.66533453694e-16,0.0113064126674
170,ok,337,0.000272975239119,0.0351033822179,0.00808249401055,0.0694769097143,2.00148302124e-16,1.11022302463e-16,0.0174821285238
966,ok,364,0.000259758826334,0.036721880544,0.00752836260133,0.0693986122244,2.00148302124e-16,1.11022302463e-16,0.0113984364738
1165,ok,309,0.000263501135684,0.0358364379324,0.00812975771199,0.0690825257568,2.00148302124e-16,1.11022302463e-16,0.0065228242452
1233,ok,330,0.000265917792708,0.0355294302637,0.00802140433608,0.0690438462558,1.24126707662e-16,1.66533453694e-16,0.0070774361264
1203,ok,239,0.00026640649413,0.035074810644,0.00836338250932,0.0687162664414,1.75541673429e-16,1.66533453694e-16,0.0129492284246
1104,ok,331,0.000269114434878,0.0346771990453,0.00833503967119,0.0686379391648,2.28878339926e-16,1.66533453694e-16,0.0125111356973
1003,ok,343,0.000263090427743,0.0353053290045,0.00802307132059,0.0684807945978,1.66533453694e-16,1.66533453694e-16,0.0171306875606
103,ok,293,0.000260845659606,0.035137970954,0.00780034274419,0.0679995186556,1.24126707662e-16,1.11022302463e-16,0.0139610782443
567,ok,530,0.000268600760873,0.0337769804996,0.00796569951024,0.0676022117064,1.11022302463e-16,1.66533453694e-16,0.0194363709751
1134,ok,252,0.00025687102267,0.0350840182887,0.00819249120744,0.0675470392506,1.57009245868e-16,1.66533453694e-16,0.010236379264
592,ok,588,0.00026641554621,0.0338932506398,0.00751595531195,0.0673663072474,1.57009245868e-16,1.11022302463e-16,0.021163606737
648,ok,541,0.000261977018419,0.0340062927629,0.00836090600459,0.067115716174,1.57009245868e-16,1.66533453694e-16,0.0195329500542
73,ok,197,0.000237607010466,0.0325842180254,0.00633902125825,0.062364863533,1.75541673429e-16,1.11022302463e-16,0.0207861362643
40,ok,219,0.000247581710441,0.0307928793417,0.00674773100695,0.061852230796,1.24126707662e-16,1.66533453694e-16,0.020197258729
2,ok,173,0.000239375794849,0.0313344012898,0.00650264733592,0.0613600261388,1.24126707662e-16,1.11022302463e-16,0.0164105256366
865,ok,215,0.000186336413416,0.0345786971123,0.00753573599283,0.0584462139208,1.24126707662e-16,2.22044604925e-16,0.0189566243986
932,ok,271,0.00017711046237,0.0353067949203,0.00733115041721,0.0580262804881,2.28878339926e-16,2.22044604925e-16,0.015680760679
901,ok,307,0.000179808900007,0.0346721252186,0.00760812900632,0.0577708190207,1.24126707662e-16,1.11022302463e-16,0.0164760185907
965,ok,258,0.000177980452324,0.0348805447918,0.0065489191455,0.0575479828997,1.24126707662e-16,1.11022302463e-16,0.00849744371117
1095,ok,208,0.000184222919764,0.033979594448,0.00715765161537,0.0575178751427,1.24126707662e-16,1.11022302463e-16,0.00540566634485
893,ok,346,0.000179204833572,0.0342815893318,0.00699942520949,0.0571860544023,2.00148302124e-16,1.66533453694e-16,0.00881173036689
435,ok,376,0.000189420327122,0.0316837938825,0.00659647511493,0.0557335281602,1.66533453694e-16,1.11022302463e-16,0.0215654476165
831,ok,331,0.000179127868103,0.0324411428058,0.00716144848416,0.0553687766751,1.24126707662e-16,2.22044604925e-16,0.0120810189657
498,ok,324,0.000181217349375,0.0322468020669,0.00644628367203,0.0552821407264,1.57009245868e-16,1.11022302463e-16,0.0142749789464
839,ok,231,0.00016401500556,0.0332236670887,0.00713456150489,0.0543323800569,1.24126707662e-16,2.22044604925e-16,0.0196796734788
671,ok,311,0.000163179366446,0.0322842367998,0.00577197516516,0.0530201558064,1.24126707662e-16,2.22044604925e-16,0.0108141144099
366,ok,308,0.000178645923157,0.0303513174892,0.00601004175296,0.0529908366186,2.8305244335e-16,2.22044604925e-16,0.0216733065609
616,ok,290,0.000172842532817,0.0310789085892,0.00584133263912,0.0529882790551,1.24126707662e-16,2.22044604925e-16,0.00908304126698
775,ok,330,0.00016552643095,0.0315338909434,0.00613791322204,0.0526246453017,1.24126707662e-16,1.11022302463e-16,0.0120593215455
1030,ok,259,0.000168550448224,0.0310493971892,0.00674431246942,0.0526243134699,1.24126707662e-16,1.11022302463e-16,0.00608775390885
973,ok,196,0.000161782605925,0.0317703896953,0.00707861124164,0.0526000246546,1.24126707662e-16,2.22044604925e-16,0.0155209395283
723,ok,311,0.000155546859944,0.0327361773263,0.00550365195977,0.0525025309115,1.24126707662e-16,2.22044604925e-16,0.0109360729005
31,ok,195,0.000164393300738,0.0310438964854,0.00621542967272,0.0520141785086,1.24126707662e-16,1.66533453694e-16,0.0081932036121
731,ok,331,0.000164779686597,0.0305372616736,0.00567213957984,0.0514452519812,1.24126707662e-16,2.22044604925e-16,0.0211110156858
1232,ok,213,0.000157356254761,0.0308218150154,0.00603056754868,0.0509106790965,1.24126707662e-16,2.22044604925e-16,0.00526646516252
1164,ok,211,0.000160854052497,0.0299347851967,0.00629175449326,0.050495622395,1.24126707662e-16,1.11022302463e-16,0.00484024181673
806,ok,214,0.00015098338042,0.0310881342101,0.00598885827517,0.0504039115156,1.24126707662e-16,1.11022302463e-16,0.0197656322287
1066,ok,203,0.000163137009813,0.0290755224891,0.00645160663885,0.0499422849944,2.00148302124e-16,1.66533453694e-16,0.0104368826873
558,ok,278,0.000149384232075,0.0307189981082,0.00601758889318,0.0498486237358,1.24126707662e-16,1.11022302463e-16,0.0100502079813
1133,ok,153,0.000153220516321,0.0298387102552,0.00591222655148,0.049407617524,1.75541673429e-16,1.11022302463e-16,0.00906275603368
591,ok,318,0.000159032903841,0.0286084958033,0.00495568636524,0.0486835815372,1.24126707662e-16,1.11022302463e-16,0.0198831433261
1240,ok,146,0.00014533906994,0.0300412604999,0.00564938629191,0.048611826151,1.75541673429e-16,1.11022302463e-16,0.00998351487566
647,ok,331,0.000154458596416,0.0287227329402,0.005306019429,0.0483189683959,1.24126707662e-16,1.11022302463e-16,0.0190424031779
1103,ok,157,0.00014715737463,0.0291241518082,0.00622305434138,0.0480276476322,1.57009245868e-16,1.11022302463e-16,0.00935789510275
1038,ok,164,0.000148180491461,0.0285268451457,0.00671907508077,0.0476523191372,1.75541673429e-16,1.11022302463e-16,0.0147531658138
701,ok,321,0.000146102980051,0.028586650636,0.00579008008574,0.0472770242593,1.24126707662e-16,1.11022302463e-16,0.0208870482794
624,ok,303,0.000150908458016,0.0279876775272,0.00535119474876,0.0471669314389,1.24126707662e-16,2.22044604925e-16,0.019426007728
679,ok,309,0.000142150633822,0.0280448359756,0.0049071548016,0.0460843429946,1.24126707662e-16,2.22044604925e-16,0.0188854906811
1002,ok,137,0.00013482250075,0.0284912448718,0.00565715519651,0.0458013760011,1.24126707662e-16,2.22044604925e-16,0.0146648633607
102,ok,195,0.000138233084108,0.0277171769769,0.00528760541311,0.0453626681525,2.22044604925e-16,2.22044604925e-16,0.0102727127785
566,ok,362,0.000139796491095,0.027499201688,0.00431445849443,0.0451376723183,1.75541673429e-16,2.22044604925e-16,0.0216247027071
1202,ok,149,0.000132588164989,0.0274097968775,0.00582414057815,0.0444852047918,1.24126707662e-16,2.22044604925e-16,0.0106696139914
229,ok,213,0.000138914141835,0.0258303292484,0.00612586392381,0.0437251990534,1.66533453694e-16,1.11022302463e-16,0.0189359046459
169,ok,191,0.000131166708289,0.0262926515212,0.00537159121535,0.0431069747589,1.57009245868e-16,1.11022302463e-16,0.0150092207526
1172,ok,177,0.000118385825331,0.0274267099448,0.00605537439276,0.0428440838631,1.75541673429e-16,2.22044604925e-16,0.00946730037718
72,ok,164,0.000129003613582,0.025690885933,0.00569712391125,0.0423107443452,1.24126707662e-16,1.11022302463e-16,0.0170526271729
1110,ok,90,0.000118858832856,0.0257981328276,0.00566494575594,0.0411941819215,1.57009245868e-16,1.11022302463e-16,0.0210634690805
1,ok,130,0.000120244159675,0.0249981169831,0.00563805107604,0.0405550263593,2.22044604925e-16,1.11022302463e-16,0.012988405596
39,ok,102,0.000104421687841,0.0244156715872,0.00410057633873,0.0377663893958,1.24126707662e-16,1.66533453694e-16,0.0162206146575
434,ok,160,0.000104424749772,0.0218941826656,0.00501283157456,0.0354277189532,2.28878339926e-16,1.11022302463e-16,0.0218017175858
110,ok,76,9.04042453649e-05,0.0225486498981,0.00449411384708,0.0342959821113,1.24126707662e-16,1.11022302463e-16,0.0195398566576
497,ok,93,9.52338818212e-05,0.0217736562771,0.00473349893179,0.034148421882,1.57009245868e-16,1.11022302463e-16,0.0135057365205
1140,ok,54,8.69415805842e-05,0.0217671339071,0.00597053799107,0.0333942311754,1.11022302463e-16,1.11022302463e-16,0.021312140747
615,ok,55,6.33865183361e-05,0.0154889108554,0.00410941075298,0.0239171752063,1.57009245868e-16,2.22044604925e-16,0.0106166288947
670,ok,45,5.34110089997e-05,0.0158647350992,0.00349893707133,0.0229738435934,1.57009245868e-16,2.22044604925e-16,0.0100957359117
805,ok,38,5.19130267431e-05,0.0159855425244,0.00337464392603,0.0228900345188,7.85046229342e-17,1.11022302463e-16,0.0180548656598
752,ok,34,5.02218642535e-05,0.015836897225,0.00364463491294,0.022592447918,7.85046229342e-17,2.22044604925e-16,0.0196407714857
892,ok,42,5.2549136161e-05,0.0142362879365,0.00335817455043,0.0212138191859,1.24126707662e-16,2.22044604925e-16,0.00644899574584
864,few_meta,20,3.57556664373e-05,0.0159770630891,0.00351933780929,0.0209716106235,1.11022302463e-16,2.22044604925e-16,0.0168128297616
1029,ok,44,3.8337889129e-05,0.0153739483143,0.0029563983444,0.0205657746787,2.28878339926e-16,1.11022302463e-16,0.00543558734826
496,ok,52,4.46501996562e-05,0.0143137257244,0.00363922973191,0.0203995956295,1.11022302463e-16,2.22044604925e-16,0.0145143382726
700,ok,39,4.1720721284e-05,0.0146956676466,0.0026724244733,0.0202366390954,1.24126707662e-16,2.22044604925e-16,0.0216299796991
433,ok,86,4.91116265944e-05,0.0135247407464,0.00292712314502,0.0200035605667,1.57009245868e-16,2.22044604925e-16,0.0206881186345
646,ok,67,4.920729418e-05,0.0133761233451,0.00301548060619,0.0198840947679,1.11022302463e-16,2.22044604925e-16,0.0200446195769
364,ok,66,4.74494662228e-05,0.0135068906862,0.0029947428741,0.0197997752078,2.48253415325e-16,3.33066907388e-16,0.0216496307559
730,ok,38,4.08785357944e-05,0.0141861173905,0.00326539469791,0.0197446206255,1.24126707662e-16,2.22044604925e-16,0.0194455184545
838,ok,28,3.67915983329e-05,0.0144845835627,0.00277217538244,0.0194540104392,1.24126707662e-16,1.11022302463e-16,0.0167601016919
557,ok,56,4.2963755071e-05,0.0134312752364,0.00364448990135,0.0193158238252,7.85046229342e-17,2.22044604925e-16,0.0111827453552
168,ok,65,4.10562410046e-05,0.0136171080578,0.00303210090557,0.0191502771594,1.57009245868e-16,1.11022302463e-16,0.0155472993824
1065,ok,33,3.58225971961e-05,0.0141074540092,0.00253940899827,0.0189140474724,1.24126707662e-16,2.22044604925e-16,0.00735725157739
623,ok,61,4.45800746932e-05,0.0128068344862,0.00327681512127,0.0188118064736,1.24126707662e-16,3.33066907388e-16,0.019216917285
228,ok,48,4.53361474504e-05,0.0126611563279,0.00321796571608,0.0187450871652,1.75541673429e-16,1.11022302463e-16,0.0191426467806
830,ok,36,3.0745494057e-05,0.0140880721729,0.00286225628976,0.0183499827177,1.66533453694e-16,1.11022302463e-16,0.00899070357068
931,few_meta,19,2.49863249184e-05,0.0144078105008,0.00428803443673,0.0182637763783,1.24126707662e-16,1.11022302463e-16,0.0147147970842
1001,few_meta,20,3.30534193177e-05,0.0134255761309,0.00349722917235,0.0180914322835,1.57009245868e-16,3.33066907388e-16,0.0110211215453
1037,few_meta,21,3.21887638218e-05,0.0131907488594,0.00322412816392,0.0176982261508,1.24126707662e-16,1.11022302463e-16,0.00951071108078
565,ok,47,4.10698428283e-05,0.0120808752951,0.00336782075499,0.0176828205855,7.85046229342e-17,2.22044604925e-16,0.0196207530264
900,ok,32,3.46262062601e-05,0.0129034107476,0.00257952732268,0.0175744609633,1.24126707662e-16,2.22044604925e-16,0.0153902194718
590,ok,51,3.40132460781e-05,0.01266114645,0.00321909489811,0.017386554959,1.24126707662e-16,3.33066907388e-16,0.01980537707
101,ok,36,3.50993364664e-05,0.0125786953369,0.002743931701,0.017339402053,1.24126707662e-16,2.22044604925e-16,0.0099358397572
972,few_meta,20,3.10297420747e-05,0.0122965095268,0.00369853182222,0.0167597849402,1.24126707662e-16,1.11022302463e-16,0.0141129690332
30,ok,29,3.09148965934e-05,0.0124316767044,0.00300129209807,0.0167417227152,1.11022302463e-16,2.22044604925e-16,0.00630575661061
782,ok,34,3.34351100807e-05,0.0119789700509,0.00212687300098,0.0164165578607,1.24126707662e-16,2.22044604925e-16,0.0168531018178
774,few_meta,23,2.78271905185e-05,0.0123178672048,0.00258482366791,0.0161740948006,7.85046229342e-17,1.11022302463e-16,0.00973988318004
678,ok,38,3.5741214999e-05,0.0111452195359,0.00254344397729,0.0159428541312,1.11022302463e-16,2.22044604925e-16,0.0173989583868
1094,ok,36,2.63081474706e-05,0.0119962528879,0.00272718380526,0.0156986673454,1.57009245868e-16,2.22044604925e-16,0.00345763079907
1231,ok,39,3.15179709173e-05,0.0111536166896,0.00248650136788,0.0154330734732,2.35513868803e-16,2.22044604925e-16,0.00484935531412
964,ok,29,2.38927586566e-05,0.011613681893,0.0023904895169,0.0149589108352,7.85046229342e-17,1.11022302463e-16,0.00755605921849
1171,ok,24,2.17600347338e-05,0.0107864604227,0.00206043102792,0.0138097507964,7.85046229342e-17,2.22044604925e-16,0.00831971996482
1132,ok,29,1.94121289816e-05,0.0107258494307,0.00277741893304,0.0136107886951,1.66533453694e-16,2.22044604925e-16,0.00755695381226
1239,few_meta,21,2.93623652521e-05,0.00938664780303,0.00262220212135,0.0134345720575,7.85046229342e-17,2.22044604925e-16,0.00851154988973
1201,few_meta,18,1.28493659531e-05,0.0111647599297,0.0018830955297,0.0130833029501,7.85046229342e-17,2.22044604925e-16,0.00962289416874
38,few_meta,22,2.57397523879e-05,0.00948400587901,0.00201219106405,0.0129752143784,1.66533453694e-16,1.11022302463e-16,0.0157896872552
722,few_meta,20,1.86407968477e-05,0.00927757973439,0.00242587619103,0.0119996505943,7.85046229342e-17,1.11022302463e-16,0.0105579063144
109,ok,30,2.50254083713e-05,0.00841947581079,0.00268401883385,0.0119593285821,1.24126707662e-16,1.11022302463e-16,0.0197892203005
1102,few_meta,21,2.23698019205e-05,0.00885348527418,0.00204363308997,0.0119465881226,1.24126707662e-16,3.33066907388e-16,0.00690013881116
0,few_meta,19,2.03460907223e-05,0.0081937478964,0.002034354978,0.0110421497787,1.24126707662e-16,2.22044604925e-16,0.0109730175047
71,ok,24,1.79141926481e-05,0.00808402042,0.00216837399265,0.0106673983363,1.24126707662e-16,2.22044604925e-16,0.0158484968299
1163,few_meta,19,1.34252884275e-05,0.00792517415732,0.00216212015565,0.00996863279975,1.11022302463e-16,1.11022302463e-16,0.0047021861618
